cel.dev/expr,https://github.com/google/cel-spec/blob/v0.25.2/LICENSE,Apache-2.0
cloud.google.com/go/auth,https://github.com/googleapis/google-cloud-go/blob/auth/v0.20.0/auth/LICENSE,Apache-2.0
cloud.google.com/go/auth/oauth2adapt,https://github.com/googleapis/google-cloud-go/blob/auth/oauth2adapt/v0.2.8/auth/oauth2adapt/LICENSE,Apache-2.0
cloud.google.com/go/compute/metadata,https://github.com/googleapis/google-cloud-go/blob/compute/metadata/v0.9.0/compute/metadata/LICENSE,Apache-2.0
cloud.google.com/go/firestore,https://github.com/googleapis/google-cloud-go/blob/firestore/v1.22.0/firestore/LICENSE,Apache-2.0
cloud.google.com/go/iam,https://github.com/googleapis/google-cloud-go/blob/iam/v1.11.0/iam/LICENSE,Apache-2.0
cloud.google.com/go/internal,https://github.com/googleapis/google-cloud-go/blob/v0.123.0/LICENSE,Apache-2.0
cloud.google.com/go/longrunning/autogen/longrunningpb,https://github.com/googleapis/google-cloud-go/blob/longrunning/v1.0.0/longrunning/LICENSE,Apache-2.0
cloud.google.com/go/monitoring,https://github.com/googleapis/google-cloud-go/blob/monitoring/v1.29.0/monitoring/LICENSE,Apache-2.0
cloud.google.com/go/storage,https://github.com/googleapis/google-cloud-go/blob/storage/v1.62.2/storage/LICENSE,Apache-2.0
filippo.io/edwards25519,https://github.com/FiloSottile/edwards25519/blob/v1.2.0/LICENSE,BSD-3-Clause
firebase.google.com/go/v4,https://github.com/firebase/firebase-admin-go/blob/v4.20.0/LICENSE,Apache-2.0
github.com/GoogleCloudPlatform/opentelemetry-operations-go/detectors/gcp,https://github.com/GoogleCloudPlatform/opentelemetry-operations-go/blob/detectors/gcp/v1.32.0/detectors/gcp/LICENSE,Apache-2.0
github.com/GoogleCloudPlatform/opentelemetry-operations-go/exporter/metric,https://github.com/GoogleCloudPlatform/opentelemetry-operations-go/blob/exporter/metric/v0.56.0/exporter/metric/LICENSE,Apache-2.0
github.com/GoogleCloudPlatform/opentelemetry-operations-go/internal/resourcemapping,https://github.com/GoogleCloudPlatform/opentelemetry-operations-go/blob/internal/resourcemapping/v0.56.0/internal/resourcemapping/LICENSE,Apache-2.0
github.com/MicahParks/keyfunc,https://github.com/MicahParks/keyfunc/blob/v1.9.0/LICENSE,Apache-2.0
github.com/cespare/xxhash/v2,https://github.com/cespare/xxhash/blob/v2.3.0/LICENSE.txt,MIT
github.com/chunisupport/chunisupport-api,https://github.com/chunisupport/chunisupport-api/blob/HEAD/LICENSE,MIT
github.com/cncf/xds/go,https://github.com/cncf/xds/blob/dba9d589def2/go/LICENSE,Apache-2.0
github.com/dustin/go-humanize,https://github.com/dustin/go-humanize/blob/v1.0.1/LICENSE,MIT
github.com/envoyproxy/go-control-plane/envoy,https://github.com/envoyproxy/go-control-plane/blob/envoy/v1.37.0/envoy/LICENSE,Apache-2.0
github.com/envoyproxy/protoc-gen-validate/validate,https://github.com/envoyproxy/protoc-gen-validate/blob/v1.3.3/LICENSE,Apache-2.0
github.com/felixge/httpsnoop,https://github.com/felixge/httpsnoop/blob/v1.0.4/LICENSE.txt,MIT
github.com/gabriel-vasile/mimetype,https://github.com/gabriel-vasile/mimetype/blob/v1.4.13/LICENSE,MIT
github.com/go-jose/go-jose/v4,https://github.com/go-jose/go-jose/blob/v4.1.4/LICENSE,Apache-2.0
github.com/go-jose/go-jose/v4/json,https://github.com/go-jose/go-jose/blob/v4.1.4/json\LICENSE,BSD-3-Clause
github.com/go-logr/logr,https://github.com/go-logr/logr/blob/v1.4.3/LICENSE,Apache-2.0
github.com/go-logr/stdr,https://github.com/go-logr/stdr/blob/v1.2.2/LICENSE,Apache-2.0
github.com/go-playground/locales,https://github.com/go-playground/locales/blob/v0.14.1/LICENSE,MIT
github.com/go-playground/universal-translator,https://github.com/go-playground/universal-translator/blob/v0.18.1/LICENSE,MIT
github.com/go-playground/validator/v10,https://github.com/go-playground/validator/blob/v10.30.3/LICENSE,MIT
github.com/go-sql-driver/mysql,https://github.com/go-sql-driver/mysql/blob/v1.10.0/LICENSE,MPL-2.0
github.com/golang-jwt/jwt/v4,https://github.com/golang-jwt/jwt/blob/v4.5.2/LICENSE,MIT
github.com/google/s2a-go,https://github.com/google/s2a-go/blob/v0.1.9/LICENSE.md,Apache-2.0
github.com/google/uuid,https://github.com/google/uuid/blob/v1.6.0/LICENSE,BSD-3-Clause
github.com/googleapis/enterprise-certificate-proxy/client,https://github.com/googleapis/enterprise-certificate-proxy/blob/v0.3.16/LICENSE,Apache-2.0
github.com/googleapis/gax-go/v2,https://github.com/googleapis/gax-go/blob/v2.22.0/v2/LICENSE,BSD-3-Clause
github.com/jmoiron/sqlx,https://github.com/jmoiron/sqlx/blob/v1.4.0/LICENSE,MIT
github.com/joho/godotenv,https://github.com/joho/godotenv/blob/v1.5.1/LICENCE,MIT
github.com/klauspost/compress,https://github.com/klauspost/compress/blob/v1.18.6/LICENSE,BSD-3-Clause
github.com/klauspost/cpuid/v2,https://github.com/klauspost/cpuid/blob/v2.2.11/LICENSE,MIT
github.com/klauspost/crc32,https://github.com/klauspost/crc32/blob/v1.3.0/LICENSE,BSD-3-Clause
github.com/labstack/echo/v4,https://github.com/labstack/echo/blob/v4.15.2/LICENSE,MIT
github.com/labstack/gommon,https://github.com/labstack/gommon/blob/v0.5.0/LICENSE,MIT
github.com/leodido/go-urn,https://github.com/leodido/go-urn/blob/v1.4.0/LICENSE,MIT
github.com/mattn/go-colorable,https://github.com/mattn/go-colorable/blob/v0.1.15/LICENSE,MIT
github.com/mattn/go-isatty,https://github.com/mattn/go-isatty/blob/v0.0.22/LICENSE,MIT
github.com/minio/crc64nvme,https://github.com/minio/crc64nvme/blob/v1.1.1/LICENSE,Apache-2.0
github.com/minio/md5-simd,https://github.com/minio/md5-simd/blob/v1.1.2/LICENSE,Apache-2.0 AND BSD-3-Clause
github.com/minio/minio-go/v7,https://github.com/minio/minio-go/blob/v7.2.1/LICENSE,Apache-2.0
github.com/ncruces/go-strftime,https://github.com/ncruces/go-strftime/blob/v1.0.0/LICENSE,MIT
github.com/philhofer/fwd,https://github.com/philhofer/fwd/blob/v1.2.0/LICENSE.md,MIT
github.com/remyoudompheng/bigfft,https://github.com/remyoudompheng/bigfft/blob/24d4a6f8daec/LICENSE,BSD-3-Clause
github.com/rs/xid,https://github.com/rs/xid/blob/v1.6.0/LICENSE,MIT
github.com/spiffe/go-spiffe/v2,https://github.com/spiffe/go-spiffe/blob/v2.7.0/LICENSE,Apache-2.0
github.com/tinylib/msgp,https://github.com/tinylib/msgp/blob/v1.6.1/LICENSE,MIT
github.com/valyala/bytebufferpool,https://github.com/valyala/bytebufferpool/blob/v1.0.0/LICENSE,MIT
github.com/valyala/fasttemplate,https://github.com/valyala/fasttemplate/blob/v1.2.2/LICENSE,MIT
github.com/zeebo/xxh3,https://github.com/zeebo/xxh3/blob/v1.1.0/LICENSE,BSD-2-Clause
go.yaml.in/yaml/v3,https://github.com/go-yaml/yaml/blob/v3.0.4/LICENSE,MIT AND Apache-2.0
go.opentelemetry.io/auto/sdk,https://github.com/open-telemetry/opentelemetry-go-instrumentation/blob/sdk/v1.2.1/sdk/LICENSE,Apache-2.0
go.opentelemetry.io/contrib/detectors/gcp,https://github.com/open-telemetry/opentelemetry-go-contrib/blob/detectors/gcp/v1.44.0/detectors/gcp/LICENSE,Apache-2.0
go.opentelemetry.io/contrib/instrumentation/google.golang.org/grpc/otelgrpc,https://github.com/open-telemetry/opentelemetry-go-contrib/blob/instrumentation/google.golang.org/grpc/otelgrpc/v0.69.0/instrumentation/google.golang.org/grpc/otelgrpc/LICENSE,Apache-2.0
go.opentelemetry.io/contrib/instrumentation/net/http/otelhttp,https://github.com/open-telemetry/opentelemetry-go-contrib/blob/instrumentation/net/http/otelhttp/v0.69.0/instrumentation/net/http/otelhttp/LICENSE,Apache-2.0
go.opentelemetry.io/otel,https://github.com/open-telemetry/opentelemetry-go/blob/v1.44.0/LICENSE,Apache-2.0
go.opentelemetry.io/otel/metric,https://github.com/open-telemetry/opentelemetry-go/blob/metric/v1.44.0/metric/LICENSE,Apache-2.0
go.opentelemetry.io/otel/sdk,https://github.com/open-telemetry/opentelemetry-go/blob/sdk/v1.44.0/sdk/LICENSE,Apache-2.0
go.opentelemetry.io/otel/sdk/metric,https://github.com/open-telemetry/opentelemetry-go/blob/sdk/metric/v1.44.0/sdk/metric/LICENSE,Apache-2.0
go.opentelemetry.io/otel/trace,https://github.com/open-telemetry/opentelemetry-go/blob/trace/v1.44.0/trace/LICENSE,Apache-2.0
golang.org/x/crypto,https://cs.opensource.google/go/x/crypto/+/v0.52.0:LICENSE,BSD-3-Clause
golang.org/x/exp/constraints,https://cs.opensource.google/go/x/exp/+/055de637:LICENSE,BSD-3-Clause
golang.org/x/net,https://cs.opensource.google/go/x/net/+/v0.55.0:LICENSE,BSD-3-Clause
golang.org/x/oauth2,https://cs.opensource.google/go/x/oauth2/+/v0.36.0:LICENSE,BSD-3-Clause
golang.org/x/sync/semaphore,https://cs.opensource.google/go/x/sync/+/v0.20.0:LICENSE,BSD-3-Clause
golang.org/x/sys,https://cs.opensource.google/go/x/sys/+/v0.45.0:LICENSE,BSD-3-Clause
golang.org/x/text,https://cs.opensource.google/go/x/text/+/v0.39.0:LICENSE,BSD-3-Clause
golang.org/x/time/rate,https://cs.opensource.google/go/x/time/+/v0.15.0:LICENSE,BSD-3-Clause
google.golang.org/api,https://github.com/googleapis/google-api-go-client/blob/v0.283.0/LICENSE,BSD-3-Clause
google.golang.org/api/internal/third_party/uritemplates,https://github.com/googleapis/google-api-go-client/blob/v0.283.0/internal\third_party\uritemplates\LICENSE,BSD-3-Clause
google.golang.org/genproto/googleapis/api,https://github.com/googleapis/go-genproto/blob/3dc84a4a5aaa/googleapis/api/LICENSE,Apache-2.0
google.golang.org/genproto/googleapis/rpc,https://github.com/googleapis/go-genproto/blob/3dc84a4a5aaa/googleapis/rpc/LICENSE,Apache-2.0
google.golang.org/genproto/googleapis/type,https://github.com/googleapis/go-genproto/blob/3dc84a4a5aaa/LICENSE,Apache-2.0
google.golang.org/grpc,https://github.com/grpc/grpc-go/blob/v1.81.1/LICENSE,Apache-2.0
google.golang.org/protobuf,https://github.com/protocolbuffers/protobuf-go/blob/v1.36.11/LICENSE,BSD-3-Clause
gopkg.in/ini.v1,https://github.com/go-ini/ini/blob/v1.67.2/LICENSE,Apache-2.0
modernc.org/libc,https://gitlab.com/cznic/libc/blob/v1.72.5/LICENSE-GO,BSD-3-Clause
modernc.org/mathutil,Unknown,Unknown
modernc.org/memory,https://gitlab.com/cznic/memory/blob/v1.11.0/LICENSE-GO,BSD-3-Clause
modernc.org/sqlite,https://gitlab.com/cznic/sqlite/blob/v1.51.0/LICENSE,BSD-3-Clause
